{"Constants": {},
 "Functions": {},
 "Info": {"SampleTime": 0.01,
          "nnodely_version": "1.5.2",
          "ns": [10, 1],
          "ntot": 11,
          "num_parameters": 20},
 "Inputs": {"F": {"dim": 1, "ns": [10, 0], "ntot": 10, "tw": [-0.1, 0]},
            "x": {"dim": 1, "ns": [10, 0], "ntot": 10, "tw": [-0.1, 0]},
            "x_t": {"dim": 1, "ns": [0, 1], "ntot": 1, "sw": [0, 1]}},
 "Minimizers": {"x[t]": {"A": "SamplePart8", "B": "Add6", "loss": "mse"}},
 "Models": "neural_msd",
 "Outputs": {"x_n": "Add6"},
 "Parameters": {"PFir3W": {"dim": 1,
                           "init_fun": {"name": "init_negexp",
                                        "params": {"first_value": 0.1,
                                                   "lambda": 3,
                                                   "size_index": 0}},
                           "tw": 0.1,
                           "values": [[-0.18789497017860413],
                                      [-0.1272660195827484],
                                      [-0.06618238240480423],
                                      [-0.00437185587361455],
                                      [0.05845560133457184],
                                      [0.1228603646159172],
                                      [0.18959768116474152],
                                      [0.2597678303718567],
                                      [0.3348443806171417],
                                      [0.4169900417327881]]},
                "PFir5W": {"dim": 1,
                           "tw": 0.1,
                           "values": [[-5.642425549012842e-06],
                                      [3.62877435691189e-05],
                                      [5.96291029069107e-05],
                                      [7.940748037071899e-05],
                                      [0.00013894919538870454],
                                      [0.0001512171875219792],
                                      [0.00012785158469341695],
                                      [0.0002701534249354154],
                                      [0.00010341592860640958],
                                      [0.00010479873162694275]]}},
 "Relations": {"Add6": ["Add", ["Fir2", "Fir5"]],
               "Fir2": ["Fir", ["TimePart1"], "PFir3W", null, 0],
               "Fir5": ["Fir", ["TimePart4"], "PFir5W", null, 0],
               "SamplePart8": ["SamplePart", ["x_t"], -1, [0, 1]],
               "TimePart1": ["TimePart", ["x"], -1, [-0.1, 0]],
               "TimePart4": ["TimePart", ["F"], -1, [-0.1, 0]]}}