{"Constants": {},
 "Functions": {},
 "Info": {"SampleTime": 0.01,
          "nnodely_version": "1.5.2",
          "ns": [10, 1],
          "ntot": 11,
          "num_parameters": 20},
 "Inputs": {"F": {"dim": 1, "ns": [10, 0], "ntot": 10, "tw": [-0.1, 0]},
            "x": {"dim": 1, "ns": [10, 0], "ntot": 10, "tw": [-0.1, 0]},
            "x_t": {"dim": 1, "ns": [0, 1], "ntot": 1, "sw": [0, 1]}},
 "Minimizers": {"x[t]": {"A": "SamplePart8", "B": "Add6", "loss": "mse"}},
 "Models": "neural_msd",
 "Outputs": {"x_n": "Add6"},
 "Parameters": {"PFir3W": {"dim": 1,
                           "init_fun": {"name": "init_negexp",
                                        "params": {"first_value": 0.1,
                                                   "lambda": 3,
                                                   "size_index": 0}},
                           "tw": 0.1,
                           "values": [[-0.18789418041706085],
                                      [-0.12726542353630066],
                                      [-0.06618165224790573],
                                      [-0.004371315240859985],
                                      [0.058456018567085266],
                                      [0.12286072224378586],
                                      [0.18959787487983704],
                                      [0.25976794958114624],
                                      [0.33484452962875366],
                                      [0.41698992252349854]]},
                "PFir5W": {"dim": 1,
                           "tw": 0.1,
                           "values": [[-6.979447789490223e-06],
                                      [3.5320041206432506e-05],
                                      [5.904507270315662e-05],
                                      [7.922252552816644e-05],
                                      [0.0001391768892062828],
                                      [0.0001518707867944613],
                                      [0.00012894495739601552],
                                      [0.00027169642271474004],
                                      [0.00010542559903115034],
                                      [0.00010729143832577392]]}},
 "Relations": {"Add6": ["Add", ["Fir2", "Fir5"]],
               "Fir2": ["Fir", ["TimePart1"], "PFir3W", null, 0],
               "Fir5": ["Fir", ["TimePart4"], "PFir5W", null, 0],
               "SamplePart8": ["SamplePart", ["x_t"], -1, [0, 1]],
               "TimePart1": ["TimePart", ["x"], -1, [-0.1, 0]],
               "TimePart4": ["TimePart", ["F"], -1, [-0.1, 0]]}}